 Move,T,E,Acceptance,<r_12>
       0, 6.46249E-02, 6.57242E+02, 0.00000E+00,   1.600
      38, 6.39353E-02, 6.54825E+02, 3.68421E+01,   1.600
      76, 6.32348E-02, 6.55493E+02, 4.34211E+01,   1.600
     114, 6.25419E-02, 6.55696E+02, 3.42105E+01,   1.600
     152, 6.18566E-02, 6.54427E+02, 3.15789E+01,   1.600
     190, 6.11789E-02, 6.54656E+02, 3.26316E+01,   1.600
     228, 6.05085E-02, 6.55034E+02, 3.15789E+01,   1.600
     266, 5.98455E-02, 6.53684E+02, 3.15789E+01,   1.600
     304, 5.91898E-02, 6.53714E+02, 3.09211E+01,   1.600
     342, 5.85412E-02, 6.53061E+02, 3.12865E+01,   1.600
     380, 5.78998E-02, 6.53085E+02, 3.15789E+01,   1.600
     418, 5.72654E-02, 6.41613E+02, 3.22966E+01,   1.600
     456, 5.66379E-02, 6.41948E+02, 3.20175E+01,   1.600
     494, 5.60173E-02, 6.42181E+02, 3.40081E+01,   1.600
     532, 5.54035E-02, 6.42629E+02, 3.42105E+01,   1.600
     570, 5.47964E-02, 6.36210E+02, 3.33333E+01,   1.600
     608, 5.41960E-02, 6.30573E+02, 3.27303E+01,   1.600
     646, 5.36022E-02, 6.30645E+02, 3.28173E+01,   1.600
     684, 5.30149E-02, 6.30770E+02, 3.20175E+01,   1.600
     722, 5.24340E-02, 6.30855E+02, 3.18560E+01,   1.600
     760, 5.18594E-02, 6.30969E+02, 3.18421E+01,   1.600
     798, 5.12912E-02, 6.14918E+02, 3.23308E+01,   1.600
     836, 5.07292E-02, 6.15146E+02, 3.22966E+01,   1.600
     874, 5.01733E-02, 6.14252E+02, 3.24943E+01,   1.600
     912, 4.96236E-02, 6.14204E+02, 3.23465E+01,   1.600
     950, 4.90799E-02, 6.13518E+02, 3.24211E+01,   1.600
     988, 4.85421E-02, 6.13628E+02, 3.23887E+01,   1.600
    1026, 4.80102E-02, 6.13715E+02, 3.21637E+01,   1.600
    1064, 4.74841E-02, 6.13774E+02, 3.23308E+01,   1.600
    1102, 4.69638E-02, 6.13913E+02, 3.25771E+01,   1.600
    1140, 4.64493E-02, 6.13814E+02, 3.28070E+01,   1.600
    1178, 4.59403E-02, 6.13934E+02, 3.28523E+01,   1.600
    1216, 4.54369E-02, 6.14236E+02, 3.27303E+01,   1.600
    1254, 4.49391E-02, 6.14132E+02, 3.23764E+01,   1.600
    1292, 4.44467E-02, 6.14198E+02, 3.22755E+01,   1.600
    1330, 4.39596E-02, 6.12744E+02, 3.24060E+01,   1.600
    1368, 4.34780E-02, 6.12799E+02, 3.23830E+01,   1.600
    1406, 4.30016E-02, 6.12629E+02, 3.22902E+01,   1.600
    1444, 4.25304E-02, 6.12786E+02, 3.21330E+01,   1.600
    1482, 4.20644E-02, 6.06429E+02, 3.23212E+01,   1.600
    1520, 4.16035E-02, 6.03197E+02, 3.22368E+01,   1.600
    1558, 4.11476E-02, 5.98658E+02, 3.26059E+01,   1.600
    1596, 4.06968E-02, 5.98697E+02, 3.25188E+01,   1.600
    1634, 4.02508E-02, 5.98761E+02, 3.24969E+01,   1.600
    1672, 3.98098E-02, 5.99005E+02, 3.25359E+01,   1.600
    1710, 3.93736E-02, 5.99003E+02, 3.23977E+01,   1.600
    1748, 3.89422E-02, 5.99168E+02, 3.22082E+01,   1.600
    1786, 3.85155E-02, 5.99092E+02, 3.25308E+01,   1.600
    1824, 3.80935E-02, 5.98855E+02, 3.25110E+01,   1.600
    1862, 3.76761E-02, 5.98748E+02, 3.25457E+01,   1.600
    1900, 3.72632E-02, 5.98647E+02, 3.26842E+01,   1.600
    1938, 3.68549E-02, 5.93850E+02, 3.28689E+01,   1.600
    1976, 3.64511E-02, 5.86856E+02, 3.27935E+01,   1.600
    2014, 3.60517E-02, 5.84384E+02, 3.29196E+01,   1.600
    2052, 3.56567E-02, 5.81202E+02, 3.28947E+01,   1.600
    2090, 3.52660E-02, 5.81016E+02, 3.28230E+01,   1.600
    2128, 3.48796E-02, 5.81143E+02, 3.26128E+01,   1.600
    2166, 3.44974E-02, 5.79969E+02, 3.25946E+01,   1.600
    2204, 3.41194E-02, 5.79655E+02, 3.26225E+01,   1.600
    2242, 3.37455E-02, 5.79500E+02, 3.25156E+01,   1.600
    2280, 3.33758E-02, 5.79599E+02, 3.23684E+01,   1.600
    2318, 3.30101E-02, 5.79469E+02, 3.24418E+01,   1.600
    2356, 3.26484E-02, 5.79342E+02, 3.25976E+01,   1.600
    2394, 3.22907E-02, 5.79277E+02, 3.25397E+01,   1.600
    2432, 3.19368E-02, 5.79469E+02, 3.24013E+01,   1.600
    2470, 3.15869E-02, 5.75305E+02, 3.22672E+01,   1.600
    2508, 3.12408E-02, 5.72696E+02, 3.23365E+01,   1.600
    2546, 3.08985E-02, 5.72634E+02, 3.21681E+01,   1.600
    2584, 3.05599E-02, 5.66842E+02, 3.20820E+01,   1.600
    2622, 3.02251E-02, 5.66675E+02, 3.21129E+01,   1.600
    2660, 2.98939E-02, 5.66408E+02, 3.22556E+01,   1.600
    2698, 2.95663E-02, 5.66167E+02, 3.20979E+01,   1.600
    2736, 2.92424E-02, 5.66089E+02, 3.19810E+01,   1.600
    2774, 2.89220E-02, 5.66138E+02, 3.19394E+01,   1.600
    2812, 2.86051E-02, 5.65653E+02, 3.19701E+01,   1.600
    2850, 2.82916E-02, 5.61061E+02, 3.18246E+01,   1.600
    2888, 2.79816E-02, 5.54950E+02, 3.18560E+01,   1.600
    2926, 2.76750E-02, 5.55106E+02, 3.17157E+01,   1.600
    2964, 2.73718E-02, 5.54919E+02, 3.17476E+01,   1.600
    3002, 2.70719E-02, 5.54892E+02, 3.17122E+01,   1.600
    3040, 2.67752E-02, 5.54837E+02, 3.16776E+01,   1.600
    3078, 2.64819E-02, 5.46500E+02, 3.17739E+01,   1.600
    3116, 2.61917E-02, 5.46410E+02, 3.17394E+01,   1.600
    3154, 2.59047E-02, 5.46039E+02, 3.16107E+01,   1.600
    3192, 2.56209E-02, 5.43734E+02, 3.15476E+01,   1.600
    3230, 2.53401E-02, 5.43755E+02, 3.14861E+01,   1.600
    3268, 2.50625E-02, 5.37600E+02, 3.14565E+01,   1.600
    3306, 2.47879E-02, 5.37581E+02, 3.14882E+01,   1.600
    3344, 2.45163E-02, 5.37470E+02, 3.15490E+01,   1.600
    3382, 2.42476E-02, 5.37369E+02, 3.14607E+01,   1.600
    3420, 2.39819E-02, 5.37377E+02, 3.12281E+01,   1.600
    3458, 2.37192E-02, 5.31285E+02, 3.11741E+01,   1.600
    3496, 2.34593E-02, 5.31257E+02, 3.10641E+01,   1.600
    3534, 2.32022E-02, 5.31075E+02, 3.10130E+01,   1.600
    3572, 2.29480E-02, 5.31119E+02, 3.09071E+01,   1.600
    3610, 2.26965E-02, 5.24035E+02, 3.09972E+01,   1.600
    3648, 2.24479E-02, 5.18789E+02, 3.11129E+01,   1.600
    3686, 2.22019E-02, 5.16731E+02, 3.11177E+01,   1.600
    3724, 2.19586E-02, 5.16840E+02, 3.10150E+01,   1.600
    3762, 2.17180E-02, 5.16863E+02, 3.09676E+01,   1.600
    3800, 2.14801E-02, 5.16520E+02, 3.07632E+01,   1.600
    3838, 2.12447E-02, 5.14955E+02, 3.08755E+01,   1.600
    3876, 2.10119E-02, 5.14874E+02, 3.08824E+01,   1.600
    3914, 2.07817E-02, 5.11469E+02, 3.09402E+01,   1.600
    3952, 2.05540E-02, 5.11425E+02, 3.07945E+01,   1.600
    3990, 2.03288E-02, 5.11407E+02, 3.06767E+01,   1.600
    4028, 2.01060E-02, 5.11294E+02, 3.06604E+01,   1.600
    4066, 1.98857E-02, 5.10672E+02, 3.05706E+01,   1.600
    4104, 1.96678E-02, 5.10663E+02, 3.05068E+01,   1.600
    4142, 1.94523E-02, 5.10006E+02, 3.04925E+01,   1.600
    4180, 1.92392E-02, 5.08238E+02, 3.03828E+01,   1.600
    4218, 1.90284E-02, 5.02084E+02, 3.02750E+01,   1.600
    4256, 1.88199E-02, 5.02166E+02, 3.00987E+01,   1.600
    4294, 1.86136E-02, 5.02060E+02, 3.00419E+01,   1.600
    4332, 1.84097E-02, 5.01914E+02, 3.00092E+01,   1.600
    4370, 1.82080E-02, 5.01915E+02, 2.99542E+01,   1.600
    4408, 1.80085E-02, 5.00348E+02, 2.99909E+01,   1.600
    4446, 1.78111E-02, 5.00420E+02, 3.00045E+01,   1.600
    4484, 1.76160E-02, 5.00343E+02, 2.99286E+01,   1.600
    4522, 1.74230E-02, 5.00069E+02, 2.98983E+01,   1.600
    4560, 1.72321E-02, 4.99977E+02, 2.97368E+01,   1.600
    4598, 1.70432E-02, 4.94293E+02, 2.97521E+01,   1.600
    4636, 1.68565E-02, 4.92832E+02, 2.97455E+01,   1.600
    4674, 1.66718E-02, 4.92763E+02, 2.96106E+01,   1.600
    4712, 1.64891E-02, 4.92739E+02, 2.95840E+01,   1.600
    4750, 1.63084E-02, 4.92675E+02, 2.93895E+01,   1.600
    4788, 1.61298E-02, 4.92128E+02, 2.93651E+01,   1.600
    4826, 1.59530E-02, 4.92018E+02, 2.94654E+01,   1.600
    4864, 1.57782E-02, 4.92024E+02, 2.93997E+01,   1.600
    4902, 1.56053E-02, 4.91998E+02, 2.92738E+01,   1.600
    4940, 1.54343E-02, 4.91788E+02, 2.91903E+01,   1.600
    4978, 1.52652E-02, 4.91681E+02, 2.92688E+01,   1.600
    5016, 1.50980E-02, 4.90428E+02, 2.91667E+01,   1.600
    5054, 1.49325E-02, 4.90358E+02, 2.90265E+01,   1.600
    5092, 1.47689E-02, 4.89826E+02, 2.90456E+01,   1.600
    5130, 1.46071E-02, 4.89657E+02, 2.89864E+01,   1.600
    5168, 1.44470E-02, 4.88682E+02, 2.89474E+01,   1.600
    5206, 1.42887E-02, 4.88567E+02, 2.89474E+01,   1.600
    5244, 1.41322E-02, 4.88497E+02, 2.88520E+01,   1.600
    5282, 1.39773E-02, 4.85279E+02, 2.88906E+01,   1.600
    5320, 1.38242E-02, 4.85177E+02, 2.88910E+01,   1.600
    5358, 1.36727E-02, 4.85111E+02, 2.87794E+01,   1.600
    5396, 1.35229E-02, 4.83320E+02, 2.87064E+01,   1.600
    5434, 1.33747E-02, 4.83162E+02, 2.86345E+01,   1.600
    5472, 1.32282E-02, 4.82958E+02, 2.85636E+01,   1.600
    5510, 1.30832E-02, 4.82958E+02, 2.84029E+01,   1.600
    5548, 1.29399E-02, 4.80537E+02, 2.83706E+01,   1.600
    5586, 1.27981E-02, 4.80444E+02, 2.82850E+01,   1.600
    5624, 1.26578E-02, 4.79309E+02, 2.82183E+01,   1.600
    5662, 1.25192E-02, 4.77129E+02, 2.81703E+01,   1.600
    5700, 1.23820E-02, 4.72180E+02, 2.81228E+01,   1.600
    5738, 1.22463E-02, 4.71967E+02, 2.80411E+01,   1.600
    5776, 1.21121E-02, 4.71937E+02, 2.79605E+01,   1.600
    5814, 1.19794E-02, 4.71880E+02, 2.78294E+01,   1.600
    5852, 1.18481E-02, 4.71768E+02, 2.78708E+01,   1.600
    5890, 1.17183E-02, 4.71677E+02, 2.77759E+01,   1.600
    5928, 1.15899E-02, 4.62456E+02, 2.77328E+01,   1.600
    5966, 1.14629E-02, 4.59910E+02, 2.76735E+01,   1.600
    6004, 1.13373E-02, 4.59910E+02, 2.76316E+01,   1.600
    6042, 1.12131E-02, 4.59847E+02, 2.75571E+01,   1.600
    6080, 1.10902E-02, 4.57688E+02, 2.75164E+01,   1.600
    6118, 1.09687E-02, 4.57657E+02, 2.74436E+01,   1.600
    6156, 1.08485E-02, 4.57620E+02, 2.73392E+01,   1.600
    6194, 1.07297E-02, 4.57601E+02, 2.72522E+01,   1.600
    6232, 1.06121E-02, 4.57495E+02, 2.71983E+01,   1.600
    6270, 1.04958E-02, 4.57500E+02, 2.70973E+01,   1.600
    6308, 1.03808E-02, 4.57330E+02, 2.70609E+01,   1.600
    6346, 1.02671E-02, 4.55176E+02, 2.69934E+01,   1.600
    6384, 1.01546E-02, 4.55085E+02, 2.69110E+01,   1.600
    6422, 1.00433E-02, 4.55038E+02, 2.68296E+01,   1.600
    6460, 9.93326E-03, 4.54971E+02, 2.68266E+01,   1.600
    6498, 9.82442E-03, 4.54491E+02, 2.68083E+01,   1.600
    6536, 9.71677E-03, 4.50281E+02, 2.67442E+01,   1.600
    6574, 9.61030E-03, 4.50264E+02, 2.66352E+01,   1.600
    6612, 9.50500E-03, 4.49425E+02, 2.65729E+01,   1.600
    6650, 9.40085E-03, 4.49387E+02, 2.64662E+01,   1.600
    6688, 9.29785E-03, 4.49366E+02, 2.63905E+01,   1.600
    6726, 9.19597E-03, 4.45192E+02, 2.62712E+01,   1.600
    6764, 9.09521E-03, 4.45174E+02, 2.61679E+01,   1.600
    6802, 8.99555E-03, 4.40920E+02, 2.60953E+01,   1.600
    6840, 8.89698E-03, 4.40981E+02, 2.60234E+01,   1.600
    6878, 8.79950E-03, 4.40935E+02, 2.59378E+01,   1.600
    6916, 8.70308E-03, 4.40939E+02, 2.58676E+01,   1.600
    6954, 8.60772E-03, 4.40814E+02, 2.58269E+01,   1.600
    6992, 8.51340E-03, 4.40808E+02, 2.58152E+01,   1.600
    7030, 8.42012E-03, 4.40767E+02, 2.57468E+01,   1.600
    7068, 8.32786E-03, 4.40733E+02, 2.56367E+01,   1.600
    7106, 8.23661E-03, 4.40666E+02, 2.55559E+01,   1.600
    7144, 8.14636E-03, 4.40683E+02, 2.54899E+01,   1.600
    7182, 8.05710E-03, 4.40694E+02, 2.54108E+01,   1.600
    7220, 7.96881E-03, 4.40672E+02, 2.53186E+01,   1.600
    7258, 7.88150E-03, 4.40444E+02, 2.52687E+01,   1.600
    7296, 7.79514E-03, 4.36083E+02, 2.52193E+01,   1.600
    7334, 7.70973E-03, 4.34394E+02, 2.51704E+01,   1.600
    7372, 7.62525E-03, 4.34353E+02, 2.51628E+01,   1.600
    7410, 7.54170E-03, 4.34333E+02, 2.51012E+01,   1.600
    7448, 7.45906E-03, 4.34230E+02, 2.50671E+01,   1.600
    7486, 7.37733E-03, 4.34181E+02, 2.49800E+01,   1.600
    7524, 7.29650E-03, 4.32149E+02, 2.49468E+01,   1.600
    7562, 7.21655E-03, 4.32110E+02, 2.49008E+01,   1.600
    7600, 7.13748E-03, 4.32028E+02, 2.48553E+01,   1.600
    7638, 7.05927E-03, 4.31960E+02, 2.47840E+01,   1.600
    7676, 6.98192E-03, 4.31886E+02, 2.47264E+01,   1.600
    7714, 6.90542E-03, 4.30722E+02, 2.46565E+01,   1.600
    7752, 6.82975E-03, 4.30649E+02, 2.46001E+01,   1.600
    7790, 6.75492E-03, 4.25221E+02, 2.45571E+01,   1.600
    7828, 6.68090E-03, 4.25216E+02, 2.44507E+01,   1.600
    7866, 6.60770E-03, 4.25240E+02, 2.43961E+01,   1.600
    7904, 6.53530E-03, 4.22131E+02, 2.43421E+01,   1.600
    7942, 6.46369E-03, 4.16915E+02, 2.43012E+01,   1.600
    7980, 6.39287E-03, 4.16860E+02, 2.43108E+01,   1.600
    8018, 6.32282E-03, 4.10128E+02, 2.43203E+01,   1.600
    8056, 6.25354E-03, 4.09129E+02, 2.42800E+01,   1.600
    8094, 6.18502E-03, 4.09069E+02, 2.42278E+01,   1.600
    8132, 6.11725E-03, 4.08996E+02, 2.41515E+01,   1.600
    8170, 6.05022E-03, 4.08919E+02, 2.41126E+01,   1.600
    8208, 5.98393E-03, 4.06702E+02, 2.40375E+01,   1.600
    8246, 5.91836E-03, 4.06541E+02, 2.39753E+01,   1.600
    8284, 5.85351E-03, 4.05963E+02, 2.39015E+01,   1.600
    8322, 5.78937E-03, 4.05641E+02, 2.38164E+01,   1.600
    8360, 5.72594E-03, 4.03060E+02, 2.37440E+01,   1.600
    8398, 5.66320E-03, 4.03043E+02, 2.36723E+01,   1.600
    8436, 5.60114E-03, 4.03016E+02, 2.35894E+01,   1.600
    8474, 5.53977E-03, 4.02994E+02, 2.35308E+01,   1.600
    8512, 5.47907E-03, 4.02911E+02, 2.35080E+01,   1.600
    8550, 5.41904E-03, 4.02512E+02, 2.34854E+01,   1.600
    8588, 5.35966E-03, 4.02498E+02, 2.34048E+01,   1.600
    8626, 5.30093E-03, 4.01219E+02, 2.33480E+01,   1.600
    8664, 5.24285E-03, 4.01093E+02, 2.32918E+01,   1.600
    8702, 5.18540E-03, 4.01085E+02, 2.32475E+01,   1.600
    8740, 5.12858E-03, 4.01051E+02, 2.31808E+01,   1.600
    8778, 5.07239E-03, 4.01037E+02, 2.31374E+01,   1.600
    8816, 5.01681E-03, 4.01007E+02, 2.30944E+01,   1.600
    8854, 4.96184E-03, 3.98989E+02, 2.30517E+01,   1.600
    8892, 4.90747E-03, 3.96173E+02, 2.30544E+01,   1.600
    8930, 4.85370E-03, 3.96154E+02, 2.29675E+01,   1.600
    8968, 4.80052E-03, 3.96117E+02, 2.29260E+01,   1.600
    9006, 4.74792E-03, 3.93504E+02, 2.29070E+01,   1.600
    9044, 4.69589E-03, 3.91755E+02, 2.28770E+01,   1.600
    9082, 4.64444E-03, 3.88666E+02, 2.27923E+01,   1.600
    9120, 4.59355E-03, 3.86013E+02, 2.27303E+01,   1.600
    9158, 4.54322E-03, 3.84121E+02, 2.26796E+01,   1.600
    9196, 4.49344E-03, 3.84110E+02, 2.26077E+01,   1.600
    9234, 4.44420E-03, 3.84120E+02, 2.25579E+01,   1.600
    9272, 4.39551E-03, 3.84077E+02, 2.24978E+01,   1.600
    9310, 4.34734E-03, 3.78927E+02, 2.24919E+01,   1.600
    9348, 4.29971E-03, 3.78926E+02, 2.24326E+01,   1.600
    9386, 4.25260E-03, 3.75827E+02, 2.23737E+01,   1.600
    9424, 4.20600E-03, 3.71312E+02, 2.23154E+01,   1.600
    9462, 4.15991E-03, 3.71242E+02, 2.22997E+01,   1.600
    9500, 4.11433E-03, 3.69161E+02, 2.22526E+01,   1.600
    9538, 4.06925E-03, 3.69026E+02, 2.22059E+01,   1.600
    9576, 4.02466E-03, 3.67693E+02, 2.21700E+01,   1.600
    9614, 3.98056E-03, 3.67586E+02, 2.21240E+01,   1.600
    9652, 3.93695E-03, 3.64550E+02, 2.20783E+01,   1.600
    9690, 3.89381E-03, 3.64476E+02, 2.20433E+01,   1.600
    9728, 3.85115E-03, 3.64401E+02, 2.19881E+01,   1.600
    9766, 3.80895E-03, 3.64384E+02, 2.19537E+01,   1.600
    9804, 3.76721E-03, 3.64369E+02, 2.18890E+01,   1.600
    9842, 3.72593E-03, 3.63047E+02, 2.18553E+01,   1.600
    9880, 3.68511E-03, 3.62153E+02, 2.18219E+01,   1.600
    9918, 3.64473E-03, 3.62140E+02, 2.17685E+01,   1.600
    9956, 3.60479E-03, 3.62119E+02, 2.17155E+01,   1.600
    9994, 3.56530E-03, 3.54642E+02, 2.16730E+01,   1.600
   10032, 3.52623E-03, 3.54608E+02, 2.16208E+01,   1.600
   10070, 3.48759E-03, 3.54590E+02, 2.15690E+01,   1.600
   10108, 3.44938E-03, 3.54561E+02, 2.15176E+01,   1.600
   10146, 3.41158E-03, 3.54201E+02, 2.14567E+01,   1.600
   10184, 3.37420E-03, 3.53261E+02, 2.14356E+01,   1.600
   10222, 3.33723E-03, 3.53210E+02, 2.13950E+01,   1.600
   10260, 3.30066E-03, 3.53139E+02, 2.13548E+01,   1.600
   10298, 3.26450E-03, 3.53133E+02, 2.13342E+01,   1.600
   10336, 3.22873E-03, 3.52815E+02, 2.12655E+01,   1.600
   10374, 3.19335E-03, 3.52790E+02, 2.12261E+01,   1.600
   10412, 3.15836E-03, 3.52622E+02, 2.11871E+01,   1.600
   10450, 3.12375E-03, 3.52594E+02, 2.11292E+01,   1.600
   10488, 3.08953E-03, 3.52591E+02, 2.10622E+01,   1.600
   10526, 3.05567E-03, 3.52176E+02, 2.10146E+01,   1.600
   10564, 3.02219E-03, 3.48017E+02, 2.09769E+01,   1.600
   10602, 2.98908E-03, 3.47951E+02, 2.09489E+01,   1.600
   10640, 2.95632E-03, 3.47854E+02, 2.09023E+01,   1.600
   10678, 2.92393E-03, 3.47218E+02, 2.08934E+01,   1.600
   10716, 2.89189E-03, 3.45430E+02, 2.08567E+01,   1.600
   10754, 2.86021E-03, 3.42910E+02, 2.08295E+01,   1.600
   10792, 2.82887E-03, 3.42230E+02, 2.07932E+01,   1.600
   10830, 2.79787E-03, 3.41778E+02, 2.07572E+01,   1.600
   10868, 2.76721E-03, 3.41769E+02, 2.07030E+01,   1.600
   10906, 2.73689E-03, 3.41502E+02, 2.06950E+01,   1.600
   10944, 2.70690E-03, 3.40823E+02, 2.06780E+01,   1.600
   10982, 2.67724E-03, 3.40693E+02, 2.06338E+01,   1.600
   11020, 2.64791E-03, 3.40467E+02, 2.05989E+01,   1.600
   11058, 2.61890E-03, 3.40434E+02, 2.05553E+01,   1.600
   11096, 2.59020E-03, 3.40129E+02, 2.05209E+01,   1.600
   11134, 2.56182E-03, 3.40127E+02, 2.04599E+01,   1.600
   11172, 2.53375E-03, 3.37894E+02, 2.04171E+01,   1.600
   11210, 2.50599E-03, 3.37514E+02, 2.03925E+01,   1.600
   11248, 2.47853E-03, 3.37206E+02, 2.03503E+01,   1.600
   11286, 2.45137E-03, 3.36471E+02, 2.02995E+01,   1.600
   11324, 2.42451E-03, 3.36446E+02, 2.02402E+01,   1.600
   11362, 2.39794E-03, 3.36438E+02, 2.01813E+01,   1.600
   11400, 2.37167E-03, 3.36399E+02, 2.01491E+01,   1.600
   11438, 2.34568E-03, 3.34184E+02, 2.01172E+01,   1.600
   11476, 2.31998E-03, 3.34148E+02, 2.00854E+01,   1.600
   11514, 2.29456E-03, 3.34077E+02, 2.00625E+01,   1.600
   11552, 2.26942E-03, 3.33987E+02, 2.00225E+01,   1.600
   11590, 2.24455E-03, 3.33941E+02, 1.99914E+01,   1.600
   11628, 2.21996E-03, 3.33936E+02, 1.99518E+01,   1.600
   11666, 2.19563E-03, 3.33873E+02, 1.99040E+01,   1.600
   11704, 2.17157E-03, 3.33776E+02, 1.98735E+01,   1.600
   11742, 2.14778E-03, 3.32208E+02, 1.98433E+01,   1.600
   11780, 2.12425E-03, 3.32177E+02, 1.98048E+01,   1.600
   11818, 2.10097E-03, 3.28861E+02, 1.97665E+01,   1.600
   11856, 2.07795E-03, 3.28838E+02, 1.97115E+01,   1.600
   11894, 2.05518E-03, 3.28832E+02, 1.96654E+01,   1.600
   11932, 2.03266E-03, 3.28525E+02, 1.96363E+01,   1.600
   11970, 2.01039E-03, 3.28525E+02, 1.95739E+01,   1.600
   12008, 1.98836E-03, 3.28326E+02, 1.95286E+01,   1.600
   12046, 1.96658E-03, 3.28326E+02, 1.94753E+01,   1.600
   12084, 1.94503E-03, 3.28243E+02, 1.94389E+01,   1.600
   12122, 1.92372E-03, 3.23530E+02, 1.93862E+01,   1.600
   12160, 1.90264E-03, 3.23523E+02, 1.93339E+01,   1.600
   12198, 1.88179E-03, 3.23516E+02, 1.93064E+01,   1.600
   12236, 1.86117E-03, 3.23508E+02, 1.92547E+01,   1.600
   12274, 1.84078E-03, 3.21871E+02, 1.92113E+01,   1.600
   12312, 1.82061E-03, 3.21830E+02, 1.91683E+01,   1.600
   12350, 1.80066E-03, 3.21830E+02, 1.91255E+01,   1.600
   12388, 1.78093E-03, 3.19281E+02, 1.90830E+01,   1.600
   12426, 1.76141E-03, 3.19281E+02, 1.90246E+01,   1.600
   12464, 1.74211E-03, 3.17201E+02, 1.89827E+01,   1.600
   12502, 1.72303E-03, 3.17104E+02, 1.89330E+01,   1.600
   12540, 1.70415E-03, 3.16818E+02, 1.89075E+01,   1.600
   12578, 1.68547E-03, 3.16818E+02, 1.88504E+01,   1.600
   12616, 1.66701E-03, 3.12320E+02, 1.88253E+01,   1.600
   12654, 1.64874E-03, 3.12281E+02, 1.87846E+01,   1.600
   12692, 1.63067E-03, 3.11945E+02, 1.87520E+01,   1.600
   12730, 1.61281E-03, 3.08124E+02, 1.87117E+01,   1.600
   12768, 1.59513E-03, 3.08091E+02, 1.86952E+01,   1.600
   12806, 1.57766E-03, 3.08037E+02, 1.86709E+01,   1.600
   12844, 1.56037E-03, 3.04922E+02, 1.86313E+01,   1.600
   12882, 1.54327E-03, 3.04082E+02, 1.86229E+01,   1.600
   12920, 1.52636E-03, 3.04082E+02, 1.85681E+01,   1.600
   12958, 1.50964E-03, 3.04063E+02, 1.85214E+01,   1.600
   12996, 1.49310E-03, 3.04020E+02, 1.84903E+01,   1.600
   13034, 1.47674E-03, 3.04003E+02, 1.84441E+01,   1.600
   13072, 1.46056E-03, 3.03895E+02, 1.83981E+01,   1.600
   13110, 1.44455E-03, 3.03891E+02, 1.83753E+01,   1.600
   13148, 1.42872E-03, 3.03889E+02, 1.83298E+01,   1.600
   13186, 1.41307E-03, 3.03889E+02, 1.82770E+01,   1.600
   13224, 1.39759E-03, 3.03886E+02, 1.82320E+01,   1.600
   13262, 1.38227E-03, 3.02172E+02, 1.81948E+01,   1.600
   13300, 1.36713E-03, 3.02156E+02, 1.81504E+01,   1.600
   13338, 1.35215E-03, 3.02151E+02, 1.81137E+01,   1.600
   13376, 1.33733E-03, 3.02078E+02, 1.80996E+01,   1.600
   13414, 1.32268E-03, 3.02066E+02, 1.80707E+01,   1.600
   13452, 1.30818E-03, 3.02059E+02, 1.80271E+01,   1.600
   13490, 1.29385E-03, 3.01744E+02, 1.79911E+01,   1.600
   13528, 1.27967E-03, 3.01744E+02, 1.79406E+01,   1.600
   13566, 1.26565E-03, 3.01711E+02, 1.79272E+01,   1.600
   13604, 1.25178E-03, 3.01680E+02, 1.78918E+01,   1.600
   13642, 1.23807E-03, 3.01663E+02, 1.78566E+01,   1.600
   13680, 1.22450E-03, 3.01303E+02, 1.78216E+01,   1.600
   13718, 1.21109E-03, 3.01294E+02, 1.77868E+01,   1.600
   13756, 1.19782E-03, 2.98667E+02, 1.77668E+01,   1.600
   13794, 1.18469E-03, 2.98450E+02, 1.77251E+01,   1.600
   13832, 1.17171E-03, 2.97257E+02, 1.76836E+01,   1.600
   13870, 1.15887E-03, 2.97213E+02, 1.76568E+01,   1.600
   13908, 1.14617E-03, 2.97206E+02, 1.76158E+01,   1.600
   13946, 1.13361E-03, 2.97206E+02, 1.75749E+01,   1.600
   13984, 1.12119E-03, 2.94669E+02, 1.75343E+01,   1.600
   14022, 1.10891E-03, 2.90232E+02, 1.75011E+01,   1.600
   14060, 1.09676E-03, 2.90203E+02, 1.74680E+01,   1.600
   14098, 1.08474E-03, 2.90203E+02, 1.74280E+01,   1.600
   14136, 1.07285E-03, 2.89900E+02, 1.73882E+01,   1.600
   14174, 1.06110E-03, 2.89900E+02, 1.73416E+01,   1.600
   14212, 1.04947E-03, 2.87453E+02, 1.73164E+01,   1.600
   14250, 1.03797E-03, 2.87042E+02, 1.72912E+01,   1.600
   14288, 1.02660E-03, 2.86803E+02, 1.72732E+01,   1.600
   14326, 1.01535E-03, 2.86778E+02, 1.72553E+01,   1.600
   14364, 1.00423E-03, 2.86777E+02, 1.72306E+01,   1.600
   14402, 9.93222E-04, 2.86777E+02, 1.71851E+01,   1.600
   14440, 9.82339E-04, 2.86777E+02, 1.71399E+01,   1.600
   14478, 9.71576E-04, 2.86777E+02, 1.70949E+01,   1.600
   14516, 9.60930E-04, 2.85654E+02, 1.70639E+01,   1.600
   14554, 9.50401E-04, 2.85653E+02, 1.70262E+01,   1.600
   14592, 9.39987E-04, 2.85653E+02, 1.69819E+01,   1.600
   14630, 9.29687E-04, 2.85647E+02, 1.69446E+01,   1.600
   14668, 9.19501E-04, 2.85451E+02, 1.69348E+01,   1.600
   14706, 9.09426E-04, 2.85362E+02, 1.69115E+01,   1.600
   14744, 8.99461E-04, 2.80364E+02, 1.68882E+01,   1.600
   14782, 8.89605E-04, 2.80364E+02, 1.68448E+01,   1.600
   14820, 8.79858E-04, 2.80268E+02, 1.68354E+01,   1.600
   14858, 8.70217E-04, 2.78782E+02, 1.68125E+01,   1.600
   14896, 8.60682E-04, 2.78773E+02, 1.67763E+01,   1.600
   14934, 8.51251E-04, 2.78743E+02, 1.67403E+01,   1.600
   14972, 8.41924E-04, 2.78691E+02, 1.67179E+01,   1.600
   15010, 8.32699E-04, 2.75613E+02, 1.66889E+01,   1.600
   15048, 8.23575E-04, 2.75278E+02, 1.66600E+01,   1.600
   15086, 8.14551E-04, 2.75075E+02, 1.66446E+01,   1.600
   15124, 8.05626E-04, 2.75030E+02, 1.66160E+01,   1.600
   15162, 7.96798E-04, 2.74903E+02, 1.66007E+01,   1.600
   15200, 7.88067E-04, 2.74890E+02, 1.65658E+01,   1.600
   15238, 7.79432E-04, 2.74878E+02, 1.65442E+01,   1.600
   15276, 7.70892E-04, 2.73223E+02, 1.65226E+01,   1.600
   15314, 7.62445E-04, 2.72954E+02, 1.64947E+01,   1.600
   15352, 7.54091E-04, 2.72918E+02, 1.64669E+01,   1.600
   15390, 7.45828E-04, 2.70368E+02, 1.64587E+01,   1.600
   15428, 7.37656E-04, 2.70258E+02, 1.64441E+01,   1.600
   15466, 7.29573E-04, 2.70258E+02, 1.64037E+01,   1.600
   15504, 7.21579E-04, 2.70239E+02, 1.63829E+01,   1.600
   15542, 7.13673E-04, 2.70239E+02, 1.63428E+01,   1.600
   15580, 7.05853E-04, 2.70187E+02, 1.63222E+01,   1.600
   15618, 6.98119E-04, 2.70006E+02, 1.63081E+01,   1.600
   15656, 6.90470E-04, 2.70006E+02, 1.62685E+01,   1.600
   15694, 6.82904E-04, 2.70005E+02, 1.62355E+01,   1.600
   15732, 6.75421E-04, 2.67540E+02, 1.62026E+01,   1.600
   15770, 6.68021E-04, 2.64749E+02, 1.61826E+01,   1.600
   15808, 6.60701E-04, 2.64325E+02, 1.61627E+01,   1.600
   15846, 6.53461E-04, 2.62822E+02, 1.61366E+01,   1.600
   15884, 6.46301E-04, 2.62822E+02, 1.60980E+01,   1.600
   15922, 6.39220E-04, 2.60000E+02, 1.60784E+01,   1.600
   15960, 6.32216E-04, 2.59878E+02, 1.60526E+01,   1.600
   15998, 6.25288E-04, 2.59878E+02, 1.60145E+01,   1.600
   16036, 6.18437E-04, 2.59669E+02, 1.59890E+01,   1.600
   16074, 6.11661E-04, 2.59538E+02, 1.59948E+01,   1.600
   16112, 6.04959E-04, 2.59465E+02, 1.59757E+01,   1.600
   16150, 5.98330E-04, 2.59465E+02, 1.59381E+01,   1.600
   16188, 5.91774E-04, 2.59432E+02, 1.59130E+01,   1.600
   16226, 5.85290E-04, 2.59432E+02, 1.58758E+01,   1.600
   16264, 5.78877E-04, 2.57051E+02, 1.58571E+01,   1.600
   16302, 5.72534E-04, 2.56954E+02, 1.58324E+01,   1.600
   16340, 5.66260E-04, 2.56885E+02, 1.58140E+01,   1.600
   16378, 5.60056E-04, 2.56720E+02, 1.58017E+01,   1.600
   16416, 5.53919E-04, 2.56644E+02, 1.57712E+01,   1.600
   16454, 5.47850E-04, 2.56628E+02, 1.57469E+01,   1.600
   16492, 5.41847E-04, 2.56623E+02, 1.57228E+01,   1.600
   16530, 5.35910E-04, 2.55717E+02, 1.57108E+01,   1.600
   16568, 5.30038E-04, 2.55198E+02, 1.56929E+01,   1.600
   16606, 5.24230E-04, 2.54862E+02, 1.56871E+01,   1.600
   16644, 5.18486E-04, 2.54822E+02, 1.56633E+01,   1.600
   16682, 5.12805E-04, 2.54775E+02, 1.56516E+01,   1.600
   16720, 5.07186E-04, 2.54742E+02, 1.56340E+01,   1.600
   16758, 5.01629E-04, 2.54110E+02, 1.56224E+01,   1.600
   16796, 4.96132E-04, 2.54110E+02, 1.55870E+01,   1.600
   16834, 4.90696E-04, 2.54089E+02, 1.55697E+01,   1.600
   16872, 4.85319E-04, 2.54017E+02, 1.55524E+01,   1.600
   16910, 4.80002E-04, 2.53955E+02, 1.55352E+01,   1.600
   16948, 4.74742E-04, 2.53322E+02, 1.55063E+01,   1.600
   16986, 4.69540E-04, 2.53260E+02, 1.54833E+01,   1.600
   17024, 4.64395E-04, 2.53260E+02, 1.54547E+01,   1.600
   17062, 4.59307E-04, 2.53244E+02, 1.54320E+01,   1.600
   17100, 4.54274E-04, 2.53116E+02, 1.54152E+01,   1.600
   17138, 4.49297E-04, 2.53115E+02, 1.53869E+01,   1.600
   17176, 4.44374E-04, 2.52956E+02, 1.53703E+01,   1.600
   17214, 4.39505E-04, 2.52897E+02, 1.53480E+01,   1.600
   17252, 4.34689E-04, 2.52897E+02, 1.53142E+01,   1.600
   17290, 4.29926E-04, 2.52553E+02, 1.53036E+01,   1.600
   17328, 4.25215E-04, 2.52309E+02, 1.52932E+01,   1.600
   17366, 4.20556E-04, 2.52214E+02, 1.52770E+01,   1.600
   17404, 4.15948E-04, 2.52214E+02, 1.52551E+01,   1.600
   17442, 4.11390E-04, 2.52206E+02, 1.52448E+01,   1.600
   17480, 4.06883E-04, 2.52188E+02, 1.52231E+01,   1.600
   17518, 4.02424E-04, 2.52188E+02, 1.51901E+01,   1.600
   17556, 3.98015E-04, 2.51631E+02, 1.51743E+01,   1.600
   17594, 3.93654E-04, 2.51580E+02, 1.51586E+01,   1.600
   17632, 3.89340E-04, 2.51532E+02, 1.51543E+01,   1.600
   17670, 3.85074E-04, 2.51521E+02, 1.51330E+01,   1.600
   17708, 3.80855E-04, 2.51151E+02, 1.51231E+01,   1.600
   17746, 3.76682E-04, 2.51088E+02, 1.51076E+01,   1.600
   17784, 3.72554E-04, 2.50916E+02, 1.50978E+01,   1.600
   17822, 3.68472E-04, 2.50826E+02, 1.50825E+01,   1.600
   17860, 3.64435E-04, 2.49334E+02, 1.50784E+01,   1.600
   17898, 3.60442E-04, 2.49313E+02, 1.50631E+01,   1.600
   17936, 3.56492E-04, 2.49248E+02, 1.50479E+01,   1.600
   17974, 3.52586E-04, 2.49166E+02, 1.50328E+01,   1.600
   18012, 3.48723E-04, 2.49127E+02, 1.50067E+01,   1.600
   18050, 3.44902E-04, 2.49024E+02, 1.49917E+01,   1.600
   18088, 3.41123E-04, 2.48971E+02, 1.49657E+01,   1.600
   18126, 3.37385E-04, 2.48970E+02, 1.49399E+01,   1.600
   18164, 3.33688E-04, 2.46971E+02, 1.49361E+01,   1.600
   18202, 3.30032E-04, 2.46970E+02, 1.49104E+01,   1.600
   18240, 3.26416E-04, 2.46968E+02, 1.48904E+01,   1.600
   18278, 3.22839E-04, 2.46932E+02, 1.48703E+01,   1.600
   18316, 3.19302E-04, 2.46897E+02, 1.48504E+01,   1.600
   18354, 3.15803E-04, 2.46869E+02, 1.48251E+01,   1.600
   18392, 3.12343E-04, 2.45223E+02, 1.48053E+01,   1.600
   18430, 3.08920E-04, 2.45164E+02, 1.47803E+01,   1.600
   18468, 3.05535E-04, 2.44457E+02, 1.47715E+01,   1.600
   18506, 3.02188E-04, 2.44407E+02, 1.47466E+01,   1.600
   18544, 2.98876E-04, 2.44384E+02, 1.47325E+01,   1.600
   18582, 2.95602E-04, 2.44349E+02, 1.47185E+01,   1.600
   18620, 2.92363E-04, 2.44342E+02, 1.46939E+01,   1.600
   18658, 2.89159E-04, 2.44227E+02, 1.46800E+01,   1.600
   18696, 2.85991E-04, 2.44222E+02, 1.46555E+01,   1.600
   18734, 2.82857E-04, 2.44222E+02, 1.46258E+01,   1.600
   18772, 2.79758E-04, 2.43856E+02, 1.46015E+01,   1.600
   18810, 2.76692E-04, 2.43835E+02, 1.45774E+01,   1.600
   18848, 2.73661E-04, 2.43819E+02, 1.45639E+01,   1.600
   18886, 2.70662E-04, 2.43819E+02, 1.45346E+01,   1.600
   18924, 2.67696E-04, 2.43720E+02, 1.45265E+01,   1.600
   18962, 2.64763E-04, 2.43228E+02, 1.45132E+01,   1.600
   19000, 2.61862E-04, 2.43207E+02, 1.45000E+01,   1.600
   19038, 2.58993E-04, 2.42189E+02, 1.44868E+01,   1.600
   19076, 2.56155E-04, 2.42186E+02, 1.44632E+01,   1.600
   19114, 2.53348E-04, 2.40790E+02, 1.44554E+01,   1.600
   19152, 2.50572E-04, 2.40790E+02, 1.44267E+01,   1.600
   19190, 2.47827E-04, 2.39155E+02, 1.44085E+01,   1.600
   19228, 2.45111E-04, 2.39042E+02, 1.43905E+01,   1.600
   19266, 2.42426E-04, 2.38980E+02, 1.43725E+01,   1.600
   19304, 2.39769E-04, 2.37208E+02, 1.43701E+01,   1.600
   19342, 2.37142E-04, 2.36091E+02, 1.43625E+01,   1.600
   19380, 2.34544E-04, 2.35955E+02, 1.43395E+01,   1.600
   19418, 2.31974E-04, 2.35822E+02, 1.43321E+01,   1.600
   19456, 2.29432E-04, 2.35818E+02, 1.43092E+01,   1.600
   19494, 2.26918E-04, 2.35785E+02, 1.42916E+01,   1.600
   19532, 2.24432E-04, 2.34478E+02, 1.42791E+01,   1.600
   19570, 2.21972E-04, 2.34376E+02, 1.42667E+01,   1.600
   19608, 2.19540E-04, 2.34087E+02, 1.42544E+01,   1.600
   19646, 2.17135E-04, 2.34060E+02, 1.42421E+01,   1.600
   19684, 2.14756E-04, 2.34049E+02, 1.42197E+01,   1.600
   19722, 2.12402E-04, 2.34049E+02, 1.41923E+01,   1.600
   19760, 2.10075E-04, 2.34049E+02, 1.41650E+01,   1.600
   19798, 2.07773E-04, 2.34049E+02, 1.41378E+01,   1.600
   19836, 2.05497E-04, 2.34046E+02, 1.41157E+01,   1.600
   19874, 2.03245E-04, 2.33794E+02, 1.40938E+01,   1.600
   19912, 2.01018E-04, 2.33290E+02, 1.40769E+01,   1.600
   19950, 1.98815E-04, 2.33248E+02, 1.40602E+01,   1.600
   19988, 1.96637E-04, 2.32764E+02, 1.40434E+01,   1.600
   20026, 1.94482E-04, 2.32752E+02, 1.40268E+01,   1.600
   20064, 1.92351E-04, 2.32745E+02, 1.40052E+01,   1.600
   20102, 1.90244E-04, 2.32624E+02, 1.39887E+01,   1.600
   20140, 1.88159E-04, 2.32624E+02, 1.39623E+01,   1.600
   20178, 1.86098E-04, 2.32617E+02, 1.39459E+01,   1.600
   20216, 1.84058E-04, 2.31749E+02, 1.39296E+01,   1.600
   20254, 1.82042E-04, 2.31287E+02, 1.39133E+01,   1.600
   20292, 1.80047E-04, 2.31285E+02, 1.38922E+01,   1.600
   20330, 1.78074E-04, 2.31280E+02, 1.38711E+01,   1.600
   20368, 1.76123E-04, 2.31280E+02, 1.38452E+01,   1.600
   20406, 1.74193E-04, 2.30495E+02, 1.38293E+01,   1.600
   20444, 1.72285E-04, 2.30371E+02, 1.38085E+01,   1.600
   20482, 1.70397E-04, 2.30264E+02, 1.37877E+01,   1.600
   20520, 1.68530E-04, 2.30264E+02, 1.37622E+01,   1.600
   20558, 1.66683E-04, 2.30220E+02, 1.37416E+01,   1.600
   20596, 1.64857E-04, 2.30215E+02, 1.37211E+01,   1.600
   20634, 1.63050E-04, 2.30215E+02, 1.36958E+01,   1.600
   20672, 1.61264E-04, 2.30194E+02, 1.36900E+01,   1.600
   20710, 1.59497E-04, 2.30165E+02, 1.36746E+01,   1.600
   20748, 1.57749E-04, 2.30104E+02, 1.36640E+01,   1.600
   20786, 1.56021E-04, 2.30103E+02, 1.36438E+01,   1.600
   20824, 1.54311E-04, 2.30103E+02, 1.36189E+01,   1.600
   20862, 1.52620E-04, 2.30099E+02, 1.35989E+01,   1.600
   20900, 1.50948E-04, 2.30099E+02, 1.35742E+01,   1.600
   20938, 1.49294E-04, 2.30073E+02, 1.35591E+01,   1.600
   20976, 1.47658E-04, 2.30073E+02, 1.35345E+01,   1.600
   21014, 1.46040E-04, 2.29589E+02, 1.35196E+01,   1.600
   21052, 1.44440E-04, 2.27353E+02, 1.35094E+01,   1.600
   21090, 1.42857E-04, 2.27353E+02, 1.34851E+01,   1.600
   21128, 1.41292E-04, 2.27210E+02, 1.34797E+01,   1.600
   21166, 1.39744E-04, 2.27210E+02, 1.34555E+01,   1.600
   21204, 1.38213E-04, 2.27176E+02, 1.34503E+01,   1.600
   21242, 1.36698E-04, 2.27094E+02, 1.34356E+01,   1.600
   21280, 1.35201E-04, 2.27084E+02, 1.34211E+01,   1.600
   21318, 1.33719E-04, 2.27084E+02, 1.33971E+01,   1.600
   21356, 1.32254E-04, 2.26347E+02, 1.33873E+01,   1.600
   21394, 1.30805E-04, 2.26342E+02, 1.33682E+01,   1.600
   21432, 1.29372E-04, 2.26342E+02, 1.33445E+01,   1.600
   21470, 1.27954E-04, 2.26187E+02, 1.33349E+01,   1.600
   21508, 1.26552E-04, 2.26047E+02, 1.33206E+01,   1.600
   21546, 1.25165E-04, 2.26029E+02, 1.33018E+01,   1.600
   21584, 1.23794E-04, 2.26020E+02, 1.32876E+01,   1.600
   21622, 1.22437E-04, 2.25990E+02, 1.32689E+01,   1.600
   21660, 1.21096E-04, 2.25982E+02, 1.32502E+01,   1.600
   21698, 1.19769E-04, 2.25961E+02, 1.32362E+01,   1.600
   21736, 1.18457E-04, 2.25871E+02, 1.32223E+01,   1.600
   21774, 1.17159E-04, 2.25871E+02, 1.32038E+01,   1.600
   21812, 1.15875E-04, 2.25854E+02, 1.31900E+01,   1.600
   21850, 1.14605E-04, 2.25789E+02, 1.31716E+01,   1.600
   21888, 1.13350E-04, 2.25788E+02, 1.31533E+01,   1.600
   21926, 1.12108E-04, 2.25778E+02, 1.31351E+01,   1.600
   21964, 1.10879E-04, 2.24954E+02, 1.31169E+01,   1.600
   22002, 1.09664E-04, 2.24851E+02, 1.31034E+01,   1.600
   22040, 1.08463E-04, 2.24448E+02, 1.30898E+01,   1.600
   22078, 1.07274E-04, 2.24448E+02, 1.30673E+01,   1.600
   22116, 1.06099E-04, 2.24107E+02, 1.30584E+01,   1.600
   22154, 1.04936E-04, 2.22746E+02, 1.30405E+01,   1.600
   22192, 1.03786E-04, 2.22463E+02, 1.30272E+01,   1.600
   22230, 1.02649E-04, 2.22119E+02, 1.30184E+01,   1.600
   22268, 1.01524E-04, 2.22106E+02, 1.30052E+01,   1.600
   22306, 1.00412E-04, 2.22106E+02, 1.29831E+01,   1.600
   22344, 9.93118E-05, 2.21868E+02, 1.29699E+01,   1.600
   22382, 9.82237E-05, 2.21858E+02, 1.29524E+01,   1.600
   22420, 9.71474E-05, 2.21858E+02, 1.29304E+01,   1.600
   22458, 9.60829E-05, 2.21591E+02, 1.29219E+01,   1.600
   22496, 9.50301E-05, 2.21576E+02, 1.29090E+01,   1.600
   22534, 9.39889E-05, 2.21557E+02, 1.28961E+01,   1.600
   22572, 9.29590E-05, 2.21342E+02, 1.28832E+01,   1.600
   22610, 9.19405E-05, 2.21342E+02, 1.28616E+01,   1.600
   22648, 9.09330E-05, 2.21332E+02, 1.28444E+01,   1.600
   22686, 8.99367E-05, 2.21316E+02, 1.28317E+01,   1.600
   22724, 8.89512E-05, 2.21294E+02, 1.28190E+01,   1.600
   22762, 8.79766E-05, 2.21201E+02, 1.28108E+01,   1.600
   22800, 8.70126E-05, 2.21201E+02, 1.27895E+01,   1.600
   22838, 8.60592E-05, 2.21164E+02, 1.27901E+01,   1.600
   22876, 8.51162E-05, 2.20667E+02, 1.27820E+01,   1.600
   22914, 8.41836E-05, 2.20643E+02, 1.27651E+01,   1.600
   22952, 8.32612E-05, 2.20326E+02, 1.27614E+01,   1.600
   22990, 8.23489E-05, 2.20317E+02, 1.27447E+01,   1.600
   23028, 8.14465E-05, 2.20315E+02, 1.27323E+01,   1.600
   23066, 8.05541E-05, 2.20234E+02, 1.27200E+01,   1.600
   23104, 7.96715E-05, 2.20234E+02, 1.26991E+01,   1.600
   23142, 7.87985E-05, 2.20234E+02, 1.26782E+01,   1.600
   23180, 7.79351E-05, 2.20234E+02, 1.26575E+01,   1.600
   23218, 7.70811E-05, 2.20231E+02, 1.26411E+01,   1.600
   23256, 7.62366E-05, 2.20208E+02, 1.26247E+01,   1.600
   23294, 7.54012E-05, 2.20195E+02, 1.26084E+01,   1.600
   23332, 7.45750E-05, 2.20195E+02, 1.25879E+01,   1.600
   23370, 7.37579E-05, 2.20123E+02, 1.25845E+01,   1.600
   23408, 7.29497E-05, 2.19986E+02, 1.25726E+01,   1.600
   23446, 7.21504E-05, 2.19916E+02, 1.25650E+01,   1.600
   23484, 7.13598E-05, 2.19909E+02, 1.25532E+01,   1.600
   23522, 7.05779E-05, 2.19897E+02, 1.25415E+01,   1.600
   23560, 6.98046E-05, 2.19897E+02, 1.25255E+01,   1.600
   23598, 6.90397E-05, 2.19885E+02, 1.25095E+01,   1.600
   23636, 6.82833E-05, 2.19885E+02, 1.24894E+01,   1.600
   23674, 6.75351E-05, 2.19870E+02, 1.24736E+01,   1.600
   23712, 6.67951E-05, 2.19844E+02, 1.24620E+01,   1.600
   23750, 6.60632E-05, 2.19723E+02, 1.24547E+01,   1.600
   23788, 6.53393E-05, 2.19679E+02, 1.24390E+01,   1.600
   23826, 6.46234E-05, 2.19608E+02, 1.24360E+01,   1.600
   23864, 6.39153E-05, 2.19253E+02, 1.24246E+01,   1.600
   23902, 6.32150E-05, 2.19179E+02, 1.24090E+01,   1.600
   23940, 6.25223E-05, 2.19170E+02, 1.23977E+01,   1.600
   23978, 6.18372E-05, 2.19110E+02, 1.23822E+01,   1.600
   24016, 6.11597E-05, 2.19110E+02, 1.23626E+01,   1.600
   24054, 6.04895E-05, 2.19110E+02, 1.23431E+01,   1.600
   24092, 5.98267E-05, 2.18791E+02, 1.23277E+01,   1.600
   24130, 5.91712E-05, 2.18789E+02, 1.23166E+01,   1.600
   24168, 5.85229E-05, 2.18529E+02, 1.23014E+01,   1.600
   24206, 5.78816E-05, 2.17463E+02, 1.22986E+01,   1.600
   24244, 5.72474E-05, 2.17458E+02, 1.22876E+01,   1.600
   24282, 5.66201E-05, 2.17328E+02, 1.22848E+01,   1.600
   24320, 5.59997E-05, 2.16670E+02, 1.22862E+01,   1.600
   24358, 5.53861E-05, 2.16466E+02, 1.22834E+01,   1.600
   24396, 5.47792E-05, 2.16466E+02, 1.22643E+01,   1.600
   24434, 5.41790E-05, 2.16462E+02, 1.22493E+01,   1.600
   24472, 5.35854E-05, 2.16453E+02, 1.22385E+01,   1.600
   24510, 5.29982E-05, 2.16453E+02, 1.22195E+01,   1.600
   24548, 5.24175E-05, 2.16421E+02, 1.22047E+01,   1.600
   24586, 5.18432E-05, 2.16287E+02, 1.21899E+01,   1.600
   24624, 5.12751E-05, 2.16287E+02, 1.21711E+01,   1.600
   24662, 5.07133E-05, 2.16287E+02, 1.21564E+01,   1.600
   24700, 5.01576E-05, 2.16184E+02, 1.21457E+01,   1.600
   24738, 4.96080E-05, 2.15852E+02, 1.21392E+01,   1.600
   24776, 4.90645E-05, 2.15771E+02, 1.21287E+01,   1.600
   24814, 4.85268E-05, 2.15735E+02, 1.21182E+01,   1.600
   24852, 4.79951E-05, 2.15531E+02, 1.21077E+01,   1.600
   24890, 4.74692E-05, 2.15492E+02, 1.20932E+01,   1.600
   24928, 4.69491E-05, 2.15429E+02, 1.20908E+01,   1.600
   24966, 4.64347E-05, 2.15423E+02, 1.20844E+01,   1.600
   25004, 4.59259E-05, 2.15422E+02, 1.20701E+01,   1.600
   25042, 4.54227E-05, 2.15422E+02, 1.20557E+01,   1.600
   25080, 4.49250E-05, 2.15422E+02, 1.20375E+01,   1.600
   25118, 4.44327E-05, 2.15419E+02, 1.20232E+01,   1.600
   25156, 4.39459E-05, 2.15419E+02, 1.20051E+01,   1.600
   25194, 4.34643E-05, 2.15398E+02, 1.19949E+01,   1.600
   25232, 4.29881E-05, 2.15212E+02, 1.19927E+01,   1.600
   25270, 4.25171E-05, 2.15196E+02, 1.19826E+01,   1.600
   25308, 4.20512E-05, 2.15196E+02, 1.19646E+01,   1.600
   25346, 4.15904E-05, 2.15153E+02, 1.19545E+01,   1.600
   25384, 4.11347E-05, 2.15151E+02, 1.19406E+01,   1.600
   25422, 4.06840E-05, 2.15126E+02, 1.19345E+01,   1.600
   25460, 4.02382E-05, 2.14913E+02, 1.19246E+01,   1.600
   25498, 3.97973E-05, 2.14873E+02, 1.19147E+01,   1.600
   25536, 3.93612E-05, 2.14867E+02, 1.19008E+01,   1.600
   25574, 3.89300E-05, 2.14788E+02, 1.18871E+01,   1.600
   25612, 3.85034E-05, 2.14784E+02, 1.18811E+01,   1.600
   25650, 3.80815E-05, 2.14784E+02, 1.18635E+01,   1.600
   25688, 3.76642E-05, 2.14761E+02, 1.18499E+01,   1.600
   25726, 3.72515E-05, 2.14760E+02, 1.18363E+01,   1.600
   25764, 3.68434E-05, 2.14654E+02, 1.18227E+01,   1.600
   25802, 3.64397E-05, 2.14654E+02, 1.18053E+01,   1.600
   25840, 3.60404E-05, 2.14618E+02, 1.17918E+01,   1.600
   25878, 3.56455E-05, 2.14600E+02, 1.17822E+01,   1.600
   25916, 3.52549E-05, 2.14577E+02, 1.17726E+01,   1.600
   25954, 3.48686E-05, 2.14575E+02, 1.17593E+01,   1.600
   25992, 3.44866E-05, 2.14566E+02, 1.17459E+01,   1.600
   26030, 3.41087E-05, 2.14566E+02, 1.17288E+01,   1.600
   26068, 3.37350E-05, 2.14557E+02, 1.17155E+01,   1.600
   26106, 3.33653E-05, 2.14330E+02, 1.17023E+01,   1.600
   26144, 3.29997E-05, 2.14324E+02, 1.16891E+01,   1.600
   26182, 3.26381E-05, 2.14323E+02, 1.16760E+01,   1.600
   26220, 3.22805E-05, 2.14204E+02, 1.16743E+01,   1.600
   26258, 3.19268E-05, 2.14187E+02, 1.16612E+01,   1.600
   26296, 3.15770E-05, 2.14043E+02, 1.16558E+01,   1.600
   26334, 3.12310E-05, 2.14043E+02, 1.16389E+01,   1.600
   26372, 3.08888E-05, 2.13997E+02, 1.16260E+01,   1.600
   26410, 3.05503E-05, 2.13965E+02, 1.16130E+01,   1.600
   26448, 3.02156E-05, 2.13680E+02, 1.16077E+01,   1.600
   26486, 2.98845E-05, 2.13664E+02, 1.15948E+01,   1.600
   26524, 2.95571E-05, 2.12754E+02, 1.15820E+01,   1.600
   26562, 2.92332E-05, 2.12386E+02, 1.15805E+01,   1.600
   26600, 2.89129E-05, 2.12378E+02, 1.15714E+01,   1.600
   26638, 2.85961E-05, 2.12163E+02, 1.15699E+01,   1.600
   26676, 2.82828E-05, 2.12082E+02, 1.15722E+01,   1.600
   26714, 2.79729E-05, 2.12066E+02, 1.15595E+01,   1.600
   26752, 2.76664E-05, 2.11832E+02, 1.15505E+01,   1.600
   26790, 2.73632E-05, 2.11829E+02, 1.15379E+01,   1.600
   26828, 2.70634E-05, 2.11811E+02, 1.15253E+01,   1.600
   26866, 2.67668E-05, 2.11811E+02, 1.15090E+01,   1.600
   26904, 2.64736E-05, 2.11793E+02, 1.14964E+01,   1.600
   26942, 2.61835E-05, 2.11755E+02, 1.14876E+01,   1.600
   26980, 2.58966E-05, 2.11579E+02, 1.14826E+01,   1.600
   27018, 2.56128E-05, 2.11390E+02, 1.14701E+01,   1.600
   27056, 2.53322E-05, 2.11111E+02, 1.14614E+01,   1.600
   27094, 2.50546E-05, 2.11094E+02, 1.14490E+01,   1.600
   27132, 2.47801E-05, 2.11013E+02, 1.14367E+01,   1.600
   27170, 2.45086E-05, 2.10717E+02, 1.14391E+01,   1.600
   27208, 2.42400E-05, 2.10631E+02, 1.14341E+01,   1.600
   27246, 2.39744E-05, 2.10631E+02, 1.14182E+01,   1.600
   27284, 2.37117E-05, 2.10627E+02, 1.14060E+01,   1.600
   27322, 2.34519E-05, 2.10536E+02, 1.14047E+01,   1.600
   27360, 2.31949E-05, 2.10529E+02, 1.13925E+01,   1.600
   27398, 2.29408E-05, 2.10528E+02, 1.13804E+01,   1.600
   27436, 2.26894E-05, 2.10528E+02, 1.13646E+01,   1.600
   27474, 2.24408E-05, 2.10523E+02, 1.13562E+01,   1.600
   27512, 2.21949E-05, 2.10274E+02, 1.13550E+01,   1.600
   27550, 2.19517E-05, 2.10272E+02, 1.13466E+01,   1.600
   27588, 2.17112E-05, 2.10229E+02, 1.13419E+01,   1.600
   27626, 2.14733E-05, 2.10222E+02, 1.13299E+01,   1.600
   27664, 2.12380E-05, 2.10222E+02, 1.13143E+01,   1.600
   27702, 2.10053E-05, 2.10197E+02, 1.13024E+01,   1.600
   27740, 2.07752E-05, 2.10158E+02, 1.12942E+01,   1.600
   27778, 2.05475E-05, 2.10147E+02, 1.12895E+01,   1.600
   27816, 2.03224E-05, 2.09970E+02, 1.12849E+01,   1.600
   27854, 2.00997E-05, 2.09962E+02, 1.12767E+01,   1.600
   27892, 1.98795E-05, 2.09962E+02, 1.12613E+01,   1.600
   27930, 1.96616E-05, 2.09411E+02, 1.12567E+01,   1.600
   27968, 1.94462E-05, 2.09398E+02, 1.12450E+01,   1.600
   28006, 1.92331E-05, 2.09107E+02, 1.12404E+01,   1.600
   28044, 1.90224E-05, 2.09107E+02, 1.12323E+01,   1.600
   28082, 1.88140E-05, 2.09101E+02, 1.12278E+01,   1.600
   28120, 1.86078E-05, 2.09101E+02, 1.12127E+01,   1.600
   28158, 1.84039E-05, 2.08957E+02, 1.12046E+01,   1.600
   28196, 1.82023E-05, 2.08931E+02, 1.11966E+01,   1.600
   28234, 1.80028E-05, 2.08931E+02, 1.11816E+01,   1.600
   28272, 1.78056E-05, 2.08866E+02, 1.11736E+01,   1.600
   28310, 1.76105E-05, 2.08863E+02, 1.11621E+01,   1.600
   28348, 1.74175E-05, 2.08863E+02, 1.11472E+01,   1.600
   28386, 1.72267E-05, 2.08812E+02, 1.11428E+01,   1.600
   28424, 1.70379E-05, 2.08735E+02, 1.11385E+01,   1.600
   28462, 1.68512E-05, 2.08735E+02, 1.11236E+01,   1.600
   28500, 1.66666E-05, 2.08646E+02, 1.11123E+01,   1.600
   28538, 1.64839E-05, 2.08528E+02, 1.11080E+01,   1.600
   28576, 1.63033E-05, 2.08410E+02, 1.11037E+01,   1.600
   28614, 1.61247E-05, 2.08258E+02, 1.10925E+01,   1.600
   28652, 1.59480E-05, 2.08178E+02, 1.10952E+01,   1.600
   28690, 1.57733E-05, 2.08169E+02, 1.10840E+01,   1.600
   28728, 1.56004E-05, 2.08168E+02, 1.10728E+01,   1.600
   28766, 1.54295E-05, 2.08043E+02, 1.10721E+01,   1.600
   28804, 1.52604E-05, 2.07981E+02, 1.10679E+01,   1.600
   28842, 1.50932E-05, 2.07964E+02, 1.10568E+01,   1.600
   28880, 1.49278E-05, 2.07784E+02, 1.10457E+01,   1.600
   28918, 1.47643E-05, 2.07757E+02, 1.10346E+01,   1.600
   28956, 1.46025E-05, 2.07641E+02, 1.10340E+01,   1.600
   28994, 1.44425E-05, 2.07502E+02, 1.10299E+01,   1.600
   29032, 1.42843E-05, 2.07498E+02, 1.10189E+01,   1.600
   29070, 1.41277E-05, 2.07498E+02, 1.10045E+01,   1.600
   29108, 1.39729E-05, 2.07496E+02, 1.09935E+01,   1.600
   29146, 1.38198E-05, 2.07494E+02, 1.09826E+01,   1.600
   29184, 1.36684E-05, 2.07494E+02, 1.09683E+01,   1.600
   29222, 1.35186E-05, 2.07480E+02, 1.09575E+01,   1.600
   29260, 1.33705E-05, 2.07432E+02, 1.09535E+01,   1.600
   29298, 1.32240E-05, 2.07428E+02, 1.09427E+01,   1.600
   29336, 1.30791E-05, 2.07401E+02, 1.09388E+01,   1.600
   29374, 1.29358E-05, 2.07349E+02, 1.09280E+01,   1.600
   29412, 1.27941E-05, 2.07272E+02, 1.09241E+01,   1.600
   29450, 1.26539E-05, 2.07264E+02, 1.09134E+01,   1.600
   29488, 1.25152E-05, 2.07264E+02, 1.08993E+01,   1.600
   29526, 1.23781E-05, 2.07264E+02, 1.08853E+01,   1.600
   29564, 1.22425E-05, 2.06861E+02, 1.08781E+01,   1.600
   29602, 1.21083E-05, 2.06833E+02, 1.08709E+01,   1.600
   29640, 1.19756E-05, 2.06823E+02, 1.08637E+01,   1.600
   29678, 1.18444E-05, 2.06823E+02, 1.08498E+01,   1.600
   29716, 1.17146E-05, 2.06821E+02, 1.08393E+01,   1.600
   29754, 1.15863E-05, 2.06821E+02, 1.08254E+01,   1.600
   29792, 1.14593E-05, 2.06736E+02, 1.08217E+01,   1.600
   29830, 1.13338E-05, 2.06736E+02, 1.08079E+01,   1.600
   29868, 1.12096E-05, 2.06612E+02, 1.07975E+01,   1.600
   29906, 1.10868E-05, 2.06612E+02, 1.07838E+01,   1.600
   29944, 1.09653E-05, 2.06612E+02, 1.07701E+01,   1.600
   29982, 1.08451E-05, 2.06551E+02, 1.07598E+01,   1.600
   30020, 1.07263E-05, 2.06537E+02, 1.07528E+01,   1.600
   30058, 1.06088E-05, 2.06521E+02, 1.07459E+01,   1.600
   30096, 1.04925E-05, 2.06508E+02, 1.07356E+01,   1.600
   30134, 1.03776E-05, 2.06506E+02, 1.07254E+01,   1.600
   30172, 1.02639E-05, 2.06460E+02, 1.07152E+01,   1.600
   30210, 1.01514E-05, 2.06406E+02, 1.07051E+01,   1.600
   30248, 1.00402E-05, 2.06392E+02, 1.06982E+01,   1.600
   30286, 9.93014E-06, 2.06276E+02, 1.06914E+01,   1.600
   30324, 9.82134E-06, 2.06275E+02, 1.06813E+01,   1.600
   30362, 9.71372E-06, 2.06265E+02, 1.06745E+01,   1.600
   30400, 9.60729E-06, 2.06247E+02, 1.06645E+01,   1.600
   30438, 9.50202E-06, 2.06079E+02, 1.06676E+01,   1.600
   30476, 9.39790E-06, 2.06079E+02, 1.06576E+01,   1.600
   30514, 9.29493E-06, 2.06031E+02, 1.06476E+01,   1.600
   30552, 9.19308E-06, 2.06031E+02, 1.06343E+01,   1.600
   30590, 9.09235E-06, 2.06022E+02, 1.06277E+01,   1.600
   30628, 8.99273E-06, 2.06017E+02, 1.06210E+01,   1.600
   30666, 8.89419E-06, 2.05985E+02, 1.06111E+01,   1.600
   30704, 8.79674E-06, 2.05970E+02, 1.06012E+01,   1.600
   30742, 8.70035E-06, 2.05970E+02, 1.05881E+01,   1.600
   30780, 8.60502E-06, 2.05962E+02, 1.05848E+01,   1.600
   30818, 8.51073E-06, 2.05962E+02, 1.05717E+01,   1.600
   30856, 8.41748E-06, 2.05951E+02, 1.05652E+01,   1.600
   30894, 8.32525E-06, 2.05951E+02, 1.05522E+01,   1.600
   30932, 8.23402E-06, 2.05948E+02, 1.05457E+01,   1.600
   30970, 8.14380E-06, 2.05948E+02, 1.05328E+01,   1.600
   31008, 8.05457E-06, 2.05938E+02, 1.05231E+01,   1.600
   31046, 7.96631E-06, 2.05938E+02, 1.05102E+01,   1.600
   31084, 7.87903E-06, 2.05938E+02, 1.04974E+01,   1.600
   31122, 7.79269E-06, 2.05938E+02, 1.04845E+01,   1.600
   31160, 7.70731E-06, 2.05888E+02, 1.04782E+01,   1.600
   31198, 7.62286E-06, 2.05888E+02, 1.04654E+01,   1.600
   31236, 7.53933E-06, 2.05888E+02, 1.04527E+01,   1.600
   31274, 7.45672E-06, 2.05834E+02, 1.04496E+01,   1.600
   31312, 7.37502E-06, 2.05816E+02, 1.04401E+01,   1.600
   31350, 7.29421E-06, 2.05804E+02, 1.04370E+01,   1.600
   31388, 7.21428E-06, 2.05803E+02, 1.04276E+01,   1.600
   31426, 7.13524E-06, 2.05791E+02, 1.04181E+01,   1.600
   31464, 7.05705E-06, 2.05791E+02, 1.04055E+01,   1.600
   31502, 6.97973E-06, 2.05791E+02, 1.03930E+01,   1.600
   31540, 6.90325E-06, 2.05790E+02, 1.03836E+01,   1.600
   31578, 6.82761E-06, 2.05729E+02, 1.03838E+01,   1.600
   31616, 6.75280E-06, 2.05729E+02, 1.03713E+01,   1.600
   31654, 6.67881E-06, 2.05729E+02, 1.03589E+01,   1.600
   31692, 6.60563E-06, 2.05727E+02, 1.03496E+01,   1.600
   31730, 6.53325E-06, 2.05727E+02, 1.03372E+01,   1.600
   31768, 6.46166E-06, 2.05721E+02, 1.03280E+01,   1.600
   31806, 6.39086E-06, 2.05669E+02, 1.03282E+01,   1.600
   31844, 6.32083E-06, 2.05662E+02, 1.03191E+01,   1.600
   31882, 6.25158E-06, 2.05644E+02, 1.03130E+01,   1.600
   31920, 6.18308E-06, 2.05644E+02, 1.03008E+01,   1.600
   31958, 6.11533E-06, 2.05644E+02, 1.02885E+01,   1.600
   31996, 6.04832E-06, 2.05622E+02, 1.02857E+01,   1.600
   32034, 5.98205E-06, 2.05552E+02, 1.02766E+01,   1.600
   32072, 5.91650E-06, 2.05548E+02, 1.02706E+01,   1.600
   32110, 5.85167E-06, 2.05548E+02, 1.02585E+01,   1.600
   32148, 5.78756E-06, 2.05539E+02, 1.02495E+01,   1.600
   32186, 5.72414E-06, 2.05539E+02, 1.02405E+01,   1.600
   32224, 5.66142E-06, 2.05539E+02, 1.02284E+01,   1.600
   32262, 5.59939E-06, 2.05518E+02, 1.02257E+01,   1.600
   32300, 5.53803E-06, 2.05497E+02, 1.02198E+01,   1.600
   32338, 5.47735E-06, 2.05497E+02, 1.02078E+01,   1.600
   32376, 5.41734E-06, 2.05489E+02, 1.02020E+01,   1.600
   32414, 5.35798E-06, 2.05489E+02, 1.01900E+01,   1.600
   32452, 5.29927E-06, 2.05467E+02, 1.01812E+01,   1.600
   32490, 5.24120E-06, 2.05466E+02, 1.01724E+01,   1.600
   32528, 5.18377E-06, 2.05466E+02, 1.01605E+01,   1.600
   32566, 5.12697E-06, 2.05464E+02, 1.01517E+01,   1.600
   32604, 5.07080E-06, 2.05353E+02, 1.01460E+01,   1.600
   32642, 5.01524E-06, 2.05299E+02, 1.01372E+01,   1.600
   32680, 4.96028E-06, 2.05299E+02, 1.01255E+01,   1.600
   32718, 4.90593E-06, 2.05287E+02, 1.01198E+01,   1.600
   32756, 4.85218E-06, 2.05287E+02, 1.01081E+01,   1.600
   32794, 4.79901E-06, 2.05287E+02, 1.00964E+01,   1.600
   32832, 4.74643E-06, 2.05267E+02, 1.00877E+01,   1.600
   32870, 4.69442E-06, 2.05264E+02, 1.00821E+01,   1.600
   32908, 4.64298E-06, 2.05241E+02, 1.00735E+01,   1.600
   32946, 4.59211E-06, 2.05241E+02, 1.00619E+01,   1.600
   32984, 4.54179E-06, 2.05233E+02, 1.00534E+01,   1.600
   33022, 4.49203E-06, 2.05223E+02, 1.00448E+01,   1.600
   33060, 4.44281E-06, 2.05223E+02, 1.00333E+01,   1.600
   33098, 4.39413E-06, 2.05223E+02, 1.00218E+01,   1.600
   33136, 4.34598E-06, 2.05090E+02, 1.00133E+01,   1.600
   33174, 4.29836E-06, 2.05088E+02, 1.00048E+01,   1.600
   33212, 4.25126E-06, 2.05087E+02, 9.99639E+00,   1.600
   33250, 4.20468E-06, 2.05082E+02, 9.98797E+00,   1.600
   33288, 4.15861E-06, 2.05082E+02, 9.97657E+00,   1.600
   33326, 4.11304E-06, 2.05082E+02, 9.96519E+00,   1.600
   33364, 4.06797E-06, 2.05082E+02, 9.95384E+00,   1.600
   33402, 4.02340E-06, 2.05080E+02, 9.94551E+00,   1.600
   33440, 3.97932E-06, 2.05074E+02, 9.93720E+00,   1.600
   33478, 3.93571E-06, 2.05074E+02, 9.92592E+00,   1.600
   33516, 3.89259E-06, 2.05052E+02, 9.91765E+00,   1.600
   33554, 3.84994E-06, 2.05045E+02, 9.90940E+00,   1.600
   33592, 3.80775E-06, 2.05027E+02, 9.90117E+00,   1.600
   33630, 3.76603E-06, 2.05019E+02, 9.89295E+00,   1.600
   33668, 3.72477E-06, 2.04926E+02, 9.88773E+00,   1.600
   33706, 3.68395E-06, 2.04780E+02, 9.87955E+00,   1.600
   33744, 3.64359E-06, 2.04765E+02, 9.87138E+00,   1.600
   33782, 3.60366E-06, 2.04728E+02, 9.86620E+00,   1.600
   33820, 3.56418E-06, 2.04728E+02, 9.85512E+00,   1.600
   33858, 3.52512E-06, 2.04728E+02, 9.84405E+00,   1.600
   33896, 3.48650E-06, 2.04728E+02, 9.83302E+00,   1.600
   33934, 3.44830E-06, 2.04462E+02, 9.82495E+00,   1.600
   33972, 3.41051E-06, 2.04254E+02, 9.82280E+00,   1.600
   34010, 3.37314E-06, 2.04243E+02, 9.81476E+00,   1.600
   34048, 3.33618E-06, 2.04130E+02, 9.81262E+00,   1.600
   34086, 3.29963E-06, 2.04108E+02, 9.80755E+00,   1.600
   34124, 3.26347E-06, 2.04098E+02, 9.80249E+00,   1.600
   34162, 3.22771E-06, 2.03979E+02, 9.80036E+00,   1.600
   34200, 3.19235E-06, 2.03978E+02, 9.79240E+00,   1.600
   34238, 3.15737E-06, 2.03961E+02, 9.78445E+00,   1.600
   34276, 3.12277E-06, 2.03961E+02, 9.77360E+00,   1.600
   34314, 3.08856E-06, 2.03956E+02, 9.76861E+00,   1.600
   34352, 3.05471E-06, 2.03956E+02, 9.75780E+00,   1.600
   34390, 3.02124E-06, 2.03893E+02, 9.75284E+00,   1.600
   34428, 2.98814E-06, 2.03893E+02, 9.74207E+00,   1.600
   34466, 2.95540E-06, 2.03868E+02, 9.74294E+00,   1.600
   34504, 2.92301E-06, 2.03868E+02, 9.73220E+00,   1.600
   34542, 2.89099E-06, 2.03780E+02, 9.72729E+00,   1.600
   34580, 2.85931E-06, 2.03780E+02, 9.71660E+00,   1.600
   34618, 2.82798E-06, 2.03769E+02, 9.70882E+00,   1.600
   34656, 2.79699E-06, 2.03762E+02, 9.70395E+00,   1.600
   34694, 2.76635E-06, 2.03762E+02, 9.69332E+00,   1.600
   34732, 2.73603E-06, 2.03762E+02, 9.68271E+00,   1.600
   34770, 2.70606E-06, 2.03613E+02, 9.67501E+00,   1.600
   34808, 2.67640E-06, 2.03613E+02, 9.66444E+00,   1.600
   34846, 2.64708E-06, 2.03613E+02, 9.65391E+00,   1.600
   34884, 2.61807E-06, 2.03613E+02, 9.64339E+00,   1.600
   34922, 2.58939E-06, 2.03613E+02, 9.63576E+00,   1.600
   34960, 2.56101E-06, 2.03594E+02, 9.62815E+00,   1.600
   34998, 2.53295E-06, 2.03593E+02, 9.62055E+00,   1.600
   35036, 2.50520E-06, 2.03538E+02, 9.61297E+00,   1.600
   35074, 2.47775E-06, 2.03514E+02, 9.60826E+00,   1.600
   35112, 2.45060E-06, 2.03514E+02, 9.59786E+00,   1.600
   35150, 2.42375E-06, 2.03514E+02, 9.58748E+00,   1.600
   35188, 2.39719E-06, 2.03514E+02, 9.57713E+00,   1.600
   35226, 2.37092E-06, 2.03507E+02, 9.57247E+00,   1.600
   35264, 2.34495E-06, 2.03474E+02, 9.56500E+00,   1.600
   35302, 2.31925E-06, 2.03474E+02, 9.55470E+00,   1.600
   35340, 2.29384E-06, 2.03474E+02, 9.54443E+00,   1.600
   35378, 2.26871E-06, 2.03460E+02, 9.53700E+00,   1.600
   35416, 2.24385E-06, 2.03458E+02, 9.52959E+00,   1.600
   35454, 2.21926E-06, 2.03458E+02, 9.51938E+00,   1.600
   35492, 2.19494E-06, 2.03451E+02, 9.51200E+00,   1.600
   35530, 2.17089E-06, 2.03437E+02, 9.51309E+00,   1.600
   35568, 2.14711E-06, 2.03437E+02, 9.50292E+00,   1.600
   35606, 2.12358E-06, 2.03437E+02, 9.49278E+00,   1.600
   35644, 2.10031E-06, 2.03431E+02, 9.48547E+00,   1.600
   35682, 2.07730E-06, 2.03431E+02, 9.47537E+00,   1.600
   35720, 2.05454E-06, 2.03353E+02, 9.46809E+00,   1.600
   35758, 2.03203E-06, 2.03342E+02, 9.46362E+00,   1.600
   35796, 2.00976E-06, 2.03340E+02, 9.45636E+00,   1.600
   35834, 1.98774E-06, 2.03319E+02, 9.44913E+00,   1.600
   35872, 1.96596E-06, 2.03316E+02, 9.44191E+00,   1.600
   35910, 1.94442E-06, 2.03316E+02, 9.43191E+00,   1.600
   35948, 1.92311E-06, 2.03257E+02, 9.42751E+00,   1.600
   35986, 1.90204E-06, 2.03252E+02, 9.42033E+00,   1.600
   36024, 1.88120E-06, 2.03252E+02, 9.41039E+00,   1.600
   36062, 1.86059E-06, 2.03252E+02, 9.40048E+00,   1.600
   36100, 1.84020E-06, 2.03009E+02, 9.39612E+00,   1.600
   36138, 1.82004E-06, 2.03000E+02, 9.38901E+00,   1.600
   36176, 1.80009E-06, 2.03000E+02, 9.37915E+00,   1.600
   36214, 1.78037E-06, 2.03000E+02, 9.36930E+00,   1.600
   36252, 1.76086E-06, 2.03000E+02, 9.35948E+00,   1.600
   36290, 1.74157E-06, 2.02966E+02, 9.35519E+00,   1.600
   36328, 1.72249E-06, 2.02966E+02, 9.34541E+00,   1.600
   36366, 1.70361E-06, 2.02966E+02, 9.33564E+00,   1.600
   36404, 1.68494E-06, 2.02966E+02, 9.32590E+00,   1.600
   36442, 1.66648E-06, 2.02952E+02, 9.31892E+00,   1.600
   36480, 1.64822E-06, 2.02905E+02, 9.32018E+00,   1.600
   36518, 1.63016E-06, 2.02897E+02, 9.31322E+00,   1.600
   36556, 1.61230E-06, 2.02858E+02, 9.30900E+00,   1.600
   36594, 1.59463E-06, 2.02858E+02, 9.29934E+00,   1.600
   36632, 1.57716E-06, 2.02852E+02, 9.29242E+00,   1.600
   36670, 1.55988E-06, 2.02850E+02, 9.28552E+00,   1.600
   36708, 1.54279E-06, 2.02849E+02, 9.27863E+00,   1.600
   36746, 1.52588E-06, 2.02847E+02, 9.27176E+00,   1.600
   36784, 1.50916E-06, 2.02824E+02, 9.26762E+00,   1.600
   36822, 1.49263E-06, 2.02824E+02, 9.25805E+00,   1.600
   36860, 1.47627E-06, 2.02824E+02, 9.24851E+00,   1.600
   36898, 1.46010E-06, 2.02708E+02, 9.24169E+00,   1.600
   36936, 1.44410E-06, 2.02708E+02, 9.23489E+00,   1.600
   36974, 1.42828E-06, 2.02708E+02, 9.22540E+00,   1.600
   37012, 1.41263E-06, 2.02708E+02, 9.21593E+00,   1.600
   37050, 1.39715E-06, 2.02708E+02, 9.20648E+00,   1.600
   37088, 1.38184E-06, 2.02700E+02, 9.19974E+00,   1.600
   37126, 1.36670E-06, 2.02676E+02, 9.19302E+00,   1.600
   37164, 1.35172E-06, 2.02676E+02, 9.18362E+00,   1.600
   37202, 1.33691E-06, 2.02676E+02, 9.17424E+00,   1.600
   37240, 1.32226E-06, 2.02577E+02, 9.17293E+00,   1.600
   37278, 1.30777E-06, 2.02559E+02, 9.16626E+00,   1.600
   37316, 1.29344E-06, 2.02559E+02, 9.15693E+00,   1.600
   37354, 1.27927E-06, 2.02559E+02, 9.14762E+00,   1.600
   37392, 1.26526E-06, 2.02559E+02, 9.13832E+00,   1.600
   37430, 1.25139E-06, 2.02538E+02, 9.13438E+00,   1.600
   37468, 1.23768E-06, 2.02538E+02, 9.12512E+00,   1.600
   37506, 1.22412E-06, 2.02523E+02, 9.11854E+00,   1.600
   37544, 1.21071E-06, 2.02513E+02, 9.11197E+00,   1.600
   37582, 1.19744E-06, 2.02479E+02, 9.10808E+00,   1.600
   37620, 1.18432E-06, 2.02396E+02, 9.10420E+00,   1.600
   37658, 1.17134E-06, 2.02396E+02, 9.09501E+00,   1.600
   37696, 1.15851E-06, 2.02319E+02, 9.09115E+00,   1.600
   37734, 1.14581E-06, 2.02319E+02, 9.08200E+00,   1.600
   37772, 1.13326E-06, 2.02319E+02, 9.07286E+00,   1.600
   37810, 1.12084E-06, 2.02319E+02, 9.06374E+00,   1.600
   37848, 1.10856E-06, 2.02279E+02, 9.06257E+00,   1.600
   37886, 1.09641E-06, 2.02278E+02, 9.05612E+00,   1.600
   37924, 1.08440E-06, 2.02262E+02, 9.04968E+00,   1.600
   37962, 1.07252E-06, 2.02253E+02, 9.04325E+00,   1.600
   38000, 1.06077E-06, 2.02253E+02, 9.03421E+00,   1.600
   38038, 1.04914E-06, 2.02253E+02, 9.02519E+00,   1.600
   38076, 1.03765E-06, 2.02253E+02, 9.01618E+00,   1.600
   38114, 1.02628E-06, 2.02253E+02, 9.00719E+00,   1.600
   38152, 1.01503E-06, 2.02244E+02, 9.00084E+00,   1.600
   38190, 1.00391E-06, 2.02201E+02, 8.99712E+00,   1.600
